"Img","source","root","root_name","mark_type","position","diameter","angle","x","y","root_order","root_ontology","value"
"TRcd_PL10_DAT18.xml","TRcd_PL10_DAT18.xml","c80af662-c2cc-48b1-a6f1-56d0a83e25bf","root_1","Origin",0,0,0,15.269,16.3168,0,"Primary root","null"
"null","null","c80af662-c2cc-48b1-a6f1-56d0a83e25bf","root_1","Number",1.6035,0.154032,4.6825,14.4103,17.4244,0,"Primary root","1"
"null","null","c80af662-c2cc-48b1-a6f1-56d0a83e25bf","root_1","Number",1.88621,0.147797,4.71726,14.4103,17.7123,0,"Primary root","2"
"null","null","c80af662-c2cc-48b1-a6f1-56d0a83e25bf","root_1","Number",2.54717,0.169941,4.71177,14.4103,18.3727,0,"Primary root","3"
"null","null","c80af662-c2cc-48b1-a6f1-56d0a83e25bf","root_1","Number",3.34907,0.186736,4.83806,14.478,19.1685,0,"Primary root","4"
"null","null","c80af662-c2cc-48b1-a6f1-56d0a83e25bf","root_1","Number",4.09191,0.190132,4.98196,14.5119,19.8967,0,"Primary root","5"
"null","null","c80af662-c2cc-48b1-a6f1-56d0a83e25bf","root_1","Number",4.9419,0.161462,4.73298,14.6473,20.7095,0,"Primary root","6"
"null","null","c80af662-c2cc-48b1-a6f1-56d0a83e25bf","root_1","Length",9.57464,0,0,15.3006,24.8166,0,"Primary root","null"
"TRcd_PL10_DAT18.xml","TRcd_PL10_DAT18.xml","575606e5-f2d8-4d1a-ae6b-6223d10b8e3c","root_0","Origin",0,0,0,17.7871,14.7484,0,"Primary root","null"
"null","null","575606e5-f2d8-4d1a-ae6b-6223d10b8e3c","root_0","Number",0.833834,0.190195,5.02772,18.034,15.5279,0,"Primary root","1"
"null","null","575606e5-f2d8-4d1a-ae6b-6223d10b8e3c","root_0","Number",1.63748,0.186257,4.84494,18.2372,16.3068,0,"Primary root","2"
"null","null","575606e5-f2d8-4d1a-ae6b-6223d10b8e3c","root_0","Number",2.27498,0.181393,5.0293,18.4235,16.9164,0,"Primary root","3"
"null","null","575606e5-f2d8-4d1a-ae6b-6223d10b8e3c","root_0","Number",3.01309,0.201911,5.08266,18.6436,17.6276,0,"Primary root","4"
"null","null","575606e5-f2d8-4d1a-ae6b-6223d10b8e3c","root_0","Number",4.60327,0.168821,5.07762,19.2193,19.1008,0,"Primary root","5"
"null","null","575606e5-f2d8-4d1a-ae6b-6223d10b8e3c","root_0","Number",5.3381,0.163416,4.75491,19.3548,19.812,0,"Primary root","6"
"null","null","575606e5-f2d8-4d1a-ae6b-6223d10b8e3c","root_0","Number",6.54761,0.170876,4.74952,19.3717,21.0143,0,"Primary root","7"
"null","null","575606e5-f2d8-4d1a-ae6b-6223d10b8e3c","root_0","Length",12.5829,0,0,19.3949,26.9585,0,"Primary root","null"
"TRcd_PL1_DAT18.xml","TRcd_PL1_DAT18.xml","4e8acbdd-e728-40de-bd84-ddad751f3993","root_7","Origin",0,0,0,15.5485,22.2519,0,"Primary root","null"
"null","null","4e8acbdd-e728-40de-bd84-ddad751f3993","root_7","Length",3.87364,0,0,16.1136,25.7863,0,"Primary root","null"
"TRcd_PL1_DAT18.xml","TRcd_PL1_DAT18.xml","2011b285-7946-4aee-abc0-50a76cdf8237","root_6","Origin",0,0,0,18.2617,10.626,0,"Primary root","null"
"null","null","2011b285-7946-4aee-abc0-50a76cdf8237","root_6","Number",9.77178,0.168343,4.43218,19.05,19.5072,0,"Primary root","1"
"null","null","2011b285-7946-4aee-abc0-50a76cdf8237","root_6","Number",10.0341,0.163846,4.43218,18.9823,19.7443,0,"Primary root","2"
"null","null","2011b285-7946-4aee-abc0-50a76cdf8237","root_6","Number",10.5587,0.150887,4.45547,18.8468,20.2523,0,"Primary root","3"
"null","null","2011b285-7946-4aee-abc0-50a76cdf8237","root_6","Number",11.1435,0.155964,4.5428,18.7113,20.828,0,"Primary root","4"
"null","null","2011b285-7946-4aee-abc0-50a76cdf8237","root_6","Number",11.3994,0.16783,4.53116,18.6605,21.082,0,"Primary root","5"
"null","null","2011b285-7946-4aee-abc0-50a76cdf8237","root_6","Number",12.2386,0.109355,4.17887,18.3557,21.844,0,"Primary root","6"
"null","null","2011b285-7946-4aee-abc0-50a76cdf8237","root_6","Number",12.4431,0.101593,4.11635,18.2372,22.0303,0,"Primary root","7"
"null","null","2011b285-7946-4aee-abc0-50a76cdf8237","root_6","Number",14.6781,0.101593,4.02463,17.1027,23.876,0,"Primary root","8"
"null","null","2011b285-7946-4aee-abc0-50a76cdf8237","root_6","Length",19.7971,0,0,13.8983,25.9481,0,"Primary root","null"
"TRcd_PL1_DAT18.xml","TRcd_PL1_DAT18.xml","2621f058-bdda-418e-99b1-a5e7e1d92f37","root_5","Origin",0,0,0,17.7941,11.1326,0,"Primary root","null"
"null","null","2621f058-bdda-418e-99b1-a5e7e1d92f37","root_5","Number",7.63901,0.160579,4.62043,17.8985,18.6605,0,"Primary root","1"
"null","null","2621f058-bdda-418e-99b1-a5e7e1d92f37","root_5","Number",8.06606,0.150311,4.50896,17.8308,19.0839,0,"Primary root","2"
"null","null","2621f058-bdda-418e-99b1-a5e7e1d92f37","root_5","Number",9.51318,0.163842,4.419,17.6615,20.5232,0,"Primary root","3"
"null","null","2621f058-bdda-418e-99b1-a5e7e1d92f37","root_5","Number",10.6501,0.166019,4.5626,17.526,21.6408,0,"Primary root","4"
"null","null","2621f058-bdda-418e-99b1-a5e7e1d92f37","root_5","Length",14.4041,0,0,17.4564,25.3556,0,"Primary root","null"
"TRcd_PL1_DAT18.xml","TRcd_PL1_DAT18.xml","b0daf4ca-8994-44d8-bc81-f6cf73c94925","root_4","Origin",0,0,0,20.0372,18.521,0,"Primary root","null"
"null","null","b0daf4ca-8994-44d8-bc81-f6cf73c94925","root_4","Number",3.11632,0.201274,4.5294,19.2532,21.4715,0,"Primary root","1"
"null","null","b0daf4ca-8994-44d8-bc81-f6cf73c94925","root_4","Number",1.91017,0.155946,4.48108,19.4903,20.3031,0,"Primary root","0"
"null","null","b0daf4ca-8994-44d8-bc81-f6cf73c94925","root_4","Number",1.30394,0.176759,4.23621,19.6765,19.7273,0,"Primary root","-1"
"null","null","b0daf4ca-8994-44d8-bc81-f6cf73c94925","root_4","Number",4.92027,0.14894,4.39601,18.9145,23.2325,0,"Primary root","2"
"null","null","b0daf4ca-8994-44d8-bc81-f6cf73c94925","root_4","Length",7.54278,0,0,18.5458,25.7863,0,"Primary root","null"
"TRcd_PL1_DAT18.xml","TRcd_PL1_DAT18.xml","4a3b283d-5903-44fb-9b55-55d3a15af8d4","root_3","Origin",0,0,0,16.4476,12.2472,0,"Primary root","null"
"null","null","4a3b283d-5903-44fb-9b55-55d3a15af8d4","root_3","Number",10.7457,0.166124,4.20288,14.732,22.6229,0,"Primary root","1"
"null","null","4a3b283d-5903-44fb-9b55-55d3a15af8d4","root_3","Number",10.9231,0.164577,4.20288,14.6473,22.7753,0,"Primary root","2"
"null","null","4a3b283d-5903-44fb-9b55-55d3a15af8d4","root_3","Number",11.2467,0.204028,4.9211,14.6304,23.0801,0,"Primary root","3"
"null","null","4a3b283d-5903-44fb-9b55-55d3a15af8d4","root_3","Number",11.5342,0.176823,5.14292,14.7151,23.3511,0,"Primary root","4"
"null","null","4a3b283d-5903-44fb-9b55-55d3a15af8d4","root_3","Number",12.13,0.159435,4.27635,14.9352,23.8083,0,"Primary root","5"
"null","null","4a3b283d-5903-44fb-9b55-55d3a15af8d4","root_3","Number",12.6538,0.159808,5.0792,14.9691,24.2824,0,"Primary root","6"
"null","null","4a3b283d-5903-44fb-9b55-55d3a15af8d4","root_3","Length",15.641,0,0,15.1594,27.2088,0,"Primary root","null"
"TRcd_PL2_DAT18.xml","TRcd_PL2_DAT18.xml","dbac2c8f-a11d-466b-91ee-740762508725","root_1","Origin",0,0,0,16.3833,24.7674,0,"Primary root","null"
"null","null","dbac2c8f-a11d-466b-91ee-740762508725","root_1","Number",0.623363,0.175545,1.79039,15.7988,24.638,0,"Primary root","1"
"null","null","dbac2c8f-a11d-466b-91ee-740762508725","root_1","Number",0.86115,0.175923,1.84944,15.748,24.4009,0,"Primary root","2"
"null","null","dbac2c8f-a11d-466b-91ee-740762508725","root_1","Number",1.27441,0.166535,1.31003,15.6633,24.0115,0,"Primary root","3"
"null","null","dbac2c8f-a11d-466b-91ee-740762508725","root_1","Number",2.25729,0.160858,2.28151,15.748,23.114,0,"Primary root","4"
"null","null","dbac2c8f-a11d-466b-91ee-740762508725","root_1","Length",2.96058,0,0,15.6485,22.4879,0,"Primary root","null"
"TRcd_PL2_DAT18.xml","TRcd_PL2_DAT18.xml","77b22506-36da-4202-8d57-450384e3c6d9","root_0","Origin",0,0,0,16.3639,19.097,0,"Primary root","null"
"null","null","77b22506-36da-4202-8d57-450384e3c6d9","root_0","Number",6.07734,0.178679,4.63846,16.4592,25.146,0,"Primary root","1"
"null","null","77b22506-36da-4202-8d57-450384e3c6d9","root_0","Number",6.4625,0.186269,4.70723,16.4423,25.5355,0,"Primary root","2"
"null","null","77b22506-36da-4202-8d57-450384e3c6d9","root_0","Number",7.10647,0.181123,4.71225,16.4592,26.1789,0,"Primary root","3"
"null","null","77b22506-36da-4202-8d57-450384e3c6d9","root_0","Number",7.61545,0.163435,4.72495,16.4592,26.6869,0,"Primary root","4"
"null","null","77b22506-36da-4202-8d57-450384e3c6d9","root_0","Number",7.79247,0.164166,4.64845,16.4592,26.8563,0,"Primary root","5"
"null","null","77b22506-36da-4202-8d57-450384e3c6d9","root_0","Number",8.32558,0.163333,4.60155,16.3915,27.3981,0,"Primary root","6"
"null","null","77b22506-36da-4202-8d57-450384e3c6d9","root_0","Number",8.64167,0.163333,4.47619,16.3407,27.7029,0,"Primary root","7"
"null","null","77b22506-36da-4202-8d57-450384e3c6d9","root_0","Number",9.44973,0.194845,4.42558,16.256,28.4988,0,"Primary root","8"
"null","null","77b22506-36da-4202-8d57-450384e3c6d9","root_0","Number",9.81217,0.160873,4.95037,16.1544,28.8544,0,"Primary root","9"
"null","null","77b22506-36da-4202-8d57-450384e3c6d9","root_0","Number",10.3314,0.155078,4.82235,16.256,29.3624,0,"Primary root","10"
"null","null","77b22506-36da-4202-8d57-450384e3c6d9","root_0","Number",10.9646,0.152404,4.67309,16.2391,29.9889,0,"Primary root","11"
"null","null","77b22506-36da-4202-8d57-450384e3c6d9","root_0","Number",11.6945,0.168313,4.94421,16.3068,30.7171,0,"Primary root","12"
"null","null","77b22506-36da-4202-8d57-450384e3c6d9","root_0","Number",12.8176,0.204924,4.73941,16.4592,31.8177,0,"Primary root","13"
"null","null","77b22506-36da-4202-8d57-450384e3c6d9","root_0","Number",13.4347,0.181391,4.30025,16.3407,32.4273,0,"Primary root","14"
"null","null","77b22506-36da-4202-8d57-450384e3c6d9","root_0","Number",14.0014,0.172683,4.81416,16.2729,32.9692,0,"Primary root","15"
"null","null","77b22506-36da-4202-8d57-450384e3c6d9","root_0","Number",14.5004,0.178891,4.64438,16.2729,33.4603,0,"Primary root","16"
"null","null","77b22506-36da-4202-8d57-450384e3c6d9","root_0","Number",10.6198,0.152402,4.68513,16.256,29.6503,0,"Primary root","11"
"null","null","77b22506-36da-4202-8d57-450384e3c6d9","root_0","Length",15.9297,0,0,16.4515,34.6969,0,"Primary root","null"
"TRcd_PL3_DAT18.xml","TRcd_PL3_DAT18.xml","e1b5a36a-271a-4bbf-8db6-cef8091d3ce2","root_2","Origin",0,0,0,18.5708,15.7423,0,"Primary root","null"
"null","null","e1b5a36a-271a-4bbf-8db6-cef8091d3ce2","root_2","Length",1.78331,0,0,18.3141,17.4704,0,"Primary root","null"
"TRcd_PL3_DAT18.xml","TRcd_PL3_DAT18.xml","099738ca-3fad-4d90-8308-150e539f14ea","root_1","Origin",0,0,0,17.7843,15.5537,0,"Primary root","null"
"null","null","099738ca-3fad-4d90-8308-150e539f14ea","root_1","Length",1.78171,0,0,17.7885,17.3063,0,"Primary root","null"
"TRcd_PL3_DAT18.xml","TRcd_PL3_DAT18.xml","b7410e29-f0a4-4530-9c03-8fba0e0b5cea","root_0","Origin",0,0,0,15.9398,20.7845,0,"Primary root","null"
"null","null","b7410e29-f0a4-4530-9c03-8fba0e0b5cea","root_0","Number",1.79574,0.146949,4.58697,15.4601,22.5044,0,"Primary root","1"
"null","null","b7410e29-f0a4-4530-9c03-8fba0e0b5cea","root_0","Number",2.39772,0.153389,4.54338,15.3416,23.0801,0,"Primary root","2"
"null","null","b7410e29-f0a4-4530-9c03-8fba0e0b5cea","root_0","Number",2.83236,0.154212,4.60759,15.2908,23.5204,0,"Primary root","3"
"null","null","b7410e29-f0a4-4530-9c03-8fba0e0b5cea","root_0","Number",3.26951,0.14149,4.68156,15.2569,23.9607,0,"Primary root","4"
"null","null","b7410e29-f0a4-4530-9c03-8fba0e0b5cea","root_0","Number",4.03445,0.157927,4.70423,15.24,24.7227,0,"Primary root","5"
"null","null","b7410e29-f0a4-4530-9c03-8fba0e0b5cea","root_0","Number",4.52508,0.1524,4.56406,15.24,25.2137,0,"Primary root","6"
"null","null","b7410e29-f0a4-4530-9c03-8fba0e0b5cea","root_0","Number",5.31918,0.148554,4.69173,15.1723,26.0096,0,"Primary root","7"
"null","null","b7410e29-f0a4-4530-9c03-8fba0e0b5cea","root_0","Number",5.50499,0.148554,4.67769,15.1723,26.1789,0,"Primary root","8"
"null","null","b7410e29-f0a4-4530-9c03-8fba0e0b5cea","root_0","Number",4.92969,0.1524,4.67818,15.1892,25.6201,0,"Primary root","7"
"null","null","b7410e29-f0a4-4530-9c03-8fba0e0b5cea","root_0","Number",6.04978,0.150996,4.8088,15.1553,26.7377,0,"Primary root","9"
"null","null","b7410e29-f0a4-4530-9c03-8fba0e0b5cea","root_0","Number",6.37628,0.140194,4.70738,15.1892,27.0595,0,"Primary root","10"
"null","null","b7410e29-f0a4-4530-9c03-8fba0e0b5cea","root_0","Number",6.78026,0.156867,4.76266,15.1892,27.4659,0,"Primary root","11"
"null","null","b7410e29-f0a4-4530-9c03-8fba0e0b5cea","root_0","Number",7.09363,0.177689,4.72234,15.2061,27.7707,0,"Primary root","12"
"null","null","b7410e29-f0a4-4530-9c03-8fba0e0b5cea","root_0","Number",7.2648,0.177574,4.72234,15.2061,27.94,0,"Primary root","13"
"null","null","b7410e29-f0a4-4530-9c03-8fba0e0b5cea","root_0","Number",7.58538,0.177499,4.85022,15.24,28.2617,0,"Primary root","14"
"null","null","b7410e29-f0a4-4530-9c03-8fba0e0b5cea","root_0","Number",7.98726,0.135474,4.70467,15.24,28.6681,0,"Primary root","15"
"null","null","b7410e29-f0a4-4530-9c03-8fba0e0b5cea","root_0","Number",8.47127,0.165581,4.73141,15.24,29.1423,0,"Primary root","16"
"null","null","b7410e29-f0a4-4530-9c03-8fba0e0b5cea","root_0","Number",9.03179,0.158615,4.66137,15.24,29.7011,0,"Primary root","17"
"null","null","b7410e29-f0a4-4530-9c03-8fba0e0b5cea","root_0","Number",9.37123,0.17212,4.6734,15.2231,30.0397,0,"Primary root","18"
"null","null","b7410e29-f0a4-4530-9c03-8fba0e0b5cea","root_0","Number",10.0695,0.165759,4.77448,15.2231,30.7509,0,"Primary root","19"
"null","null","b7410e29-f0a4-4530-9c03-8fba0e0b5cea","root_0","Number",10.562,0.168479,5.45205,15.4432,31.1573,0,"Primary root","20"
"null","null","b7410e29-f0a4-4530-9c03-8fba0e0b5cea","root_0","Length",11.5263,0,0,15.2957,31.542,0,"Primary root","null"
"TRcd_PL4_DAT18 (1).xml","TRcd_PL4_DAT18 (1).xml","860fdfc4-b7e6-4959-8649-7a0b9a357147","root_3","Origin",0,0,0,13.8982,17.1084,0,"Primary root","null"
"null","null","860fdfc4-b7e6-4959-8649-7a0b9a357147","root_3","Length",0.826773,0,0,13.6993,17.8947,0,"Primary root","null"
"TRcd_PL4_DAT18 (1).xml","TRcd_PL4_DAT18 (1).xml","bedf31dc-0cfd-4216-93af-bbd4912ca911","root_2","Origin",0,0,0,12.6489,14.8965,0,"Primary root","null"
"null","null","bedf31dc-0cfd-4216-93af-bbd4912ca911","root_2","Length",1.90384,0,0,12.3005,16.7607,0,"Primary root","null"
"TRcd_PL4_DAT18 (1).xml","TRcd_PL4_DAT18 (1).xml","8ed9a6ae-0c41-4cd9-a156-bdaaeb8c79b4","root_1","Origin",0,0,0,15.6627,29.2099,0,"Primary root","null"
"null","null","8ed9a6ae-0c41-4cd9-a156-bdaaeb8c79b4","root_1","Length",1.72858,0,0,15.6495,30.7997,0,"Primary root","null"
"TRcd_PL4_DAT18 (1).xml","TRcd_PL4_DAT18 (1).xml","bdd4e77e-8b37-4e45-933e-52009fa5da5c","root_0","Origin",0,0,0,16.0813,20.6021,0,"Primary root","null"
"null","null","bdd4e77e-8b37-4e45-933e-52009fa5da5c","root_0","Number",14.6413,0.169208,4.9025,15.0707,34.8996,0,"Primary root","1"
"null","null","bdd4e77e-8b37-4e45-933e-52009fa5da5c","root_0","Number",13.8764,0.177263,4.8181,14.9691,34.1376,0,"Primary root","0"
"null","null","bdd4e77e-8b37-4e45-933e-52009fa5da5c","root_0","Number",13.2589,0.159925,4.77836,14.9521,33.528,0,"Primary root","-1"
"null","null","bdd4e77e-8b37-4e45-933e-52009fa5da5c","root_0","Number",12.6567,0.160428,4.68161,14.9352,32.9184,0,"Primary root","-2"
"null","null","bdd4e77e-8b37-4e45-933e-52009fa5da5c","root_0","Number",12.1471,0.155922,4.75994,14.9013,32.4104,0,"Primary root","-3"
"null","null","bdd4e77e-8b37-4e45-933e-52009fa5da5c","root_0","Number",11.8872,0.174168,4.75994,14.8844,32.1564,0,"Primary root","-4"
"null","null","bdd4e77e-8b37-4e45-933e-52009fa5da5c","root_0","Number",10.3622,0.14881,4.58398,15.0707,30.6493,0,"Primary root","-5"
"null","null","bdd4e77e-8b37-4e45-933e-52009fa5da5c","root_0","Number",9.89479,0.162266,4.58423,15.1384,30.1752,0,"Primary root","-6"
"null","null","bdd4e77e-8b37-4e45-933e-52009fa5da5c","root_0","Number",9.40054,0.160918,4.66148,15.1723,29.6841,0,"Primary root","-7"
"null","null","bdd4e77e-8b37-4e45-933e-52009fa5da5c","root_0","Number",8.54537,0.160878,4.57916,15.2739,28.8375,0,"Primary root","-8"
"null","null","bdd4e77e-8b37-4e45-933e-52009fa5da5c","root_0","Number",7.94983,0.160878,4.89534,15.1384,28.2956,0,"Primary root","-9"
"null","null","bdd4e77e-8b37-4e45-933e-52009fa5da5c","root_0","Number",7.59005,0.16181,4.49731,15.0876,27.94,0,"Primary root","-10"
"null","null","bdd4e77e-8b37-4e45-933e-52009fa5da5c","root_0","Length",19.0862,0,0,15.1196,39.2151,0,"Primary root","null"
"TRcd_PL5_DAT18.xml","TRcd_PL5_DAT18.xml","23e16288-ba9c-4ed0-bb26-0b159ba8d7ee","root_2","Origin",0,0,0,17.3331,28.1703,0,"Primary root","null"
"null","null","23e16288-ba9c-4ed0-bb26-0b159ba8d7ee","root_2","Length",3.16122,0,0,17.4024,31.1664,0,"Primary root","null"
"TRcd_PL5_DAT18.xml","TRcd_PL5_DAT18.xml","3bd579cf-7377-4e69-a446-7bcb2fd9ff10","root_1","Origin",0,0,0,16.124,18.7989,0,"Primary root","null"
"null","null","3bd579cf-7377-4e69-a446-7bcb2fd9ff10","root_1","Number",2.27131,0.18496,4.54232,15.7649,21.0312,0,"Primary root","1"
"null","null","3bd579cf-7377-4e69-a446-7bcb2fd9ff10","root_1","Number",2.4169,0.183811,4.63132,15.748,21.1836,0,"Primary root","2"
"null","null","3bd579cf-7377-4e69-a446-7bcb2fd9ff10","root_1","Number",2.69454,0.183811,4.63132,15.7311,21.4545,0,"Primary root","3"
"null","null","3bd579cf-7377-4e69-a446-7bcb2fd9ff10","root_1","Number",3.02487,0.200883,4.61987,15.6972,21.7763,0,"Primary root","4"
"null","null","3bd579cf-7377-4e69-a446-7bcb2fd9ff10","root_1","Number",3.43525,0.187051,4.72846,15.6972,22.1827,0,"Primary root","5"
"null","null","3bd579cf-7377-4e69-a446-7bcb2fd9ff10","root_1","Number",3.88677,0.154168,4.70772,15.7311,22.6399,0,"Primary root","6"
"null","null","3bd579cf-7377-4e69-a446-7bcb2fd9ff10","root_1","Number",4.81013,0.152404,4.93476,15.8157,23.5543,0,"Primary root","7"
"null","null","3bd579cf-7377-4e69-a446-7bcb2fd9ff10","root_1","Number",7.94287,0.201041,4.69615,15.5448,26.6361,0,"Primary root","8"
"null","null","3bd579cf-7377-4e69-a446-7bcb2fd9ff10","root_1","Number",8.2068,0.190379,4.58629,15.5279,26.9071,0,"Primary root","9"
"null","null","3bd579cf-7377-4e69-a446-7bcb2fd9ff10","root_1","Number",9.10887,0.147102,4.58934,15.4432,27.8045,0,"Primary root","10"
"null","null","3bd579cf-7377-4e69-a446-7bcb2fd9ff10","root_1","Length",11.2952,0,0,15.5567,29.9637,0,"Primary root","null"
"TRcd_PL5_DAT18.xml","TRcd_PL5_DAT18.xml","3fae6cca-2dc5-4603-9f3a-d462777df45c","root_0","Origin",0,0,0,16.878,25.8303,0,"Primary root","null"
"null","null","3fae6cca-2dc5-4603-9f3a-d462777df45c","root_0","Length",4.01122,0,0,18.3738,29.2446,0,"Primary root","null"
"TRcd_PL6_DAT18.xml","TRcd_PL6_DAT18.xml","e123e72d-d908-4d5f-917f-bdabc249641a","root_3","Origin",0,0,0,19.3802,14.9959,0,"Primary root","null"
"null","null","e123e72d-d908-4d5f-917f-bdabc249641a","root_3","Length",2.74144,0,0,19.1128,17.7005,0,"Primary root","null"
"TRcd_PL6_DAT18.xml","TRcd_PL6_DAT18.xml","a8bb7cc5-0a82-4803-a9f0-30e2eadb99ca","root_2","Origin",0,0,0,14.9141,17.208,0,"Primary root","null"
"null","null","a8bb7cc5-0a82-4803-a9f0-30e2eadb99ca","root_2","Length",2.86962,0,0,13.617,18.6482,0,"Primary root","null"
"TRcd_PL6_DAT18.xml","TRcd_PL6_DAT18.xml","050402bf-fd74-4d51-a70c-9d4b6eb0ab58","root_1","Origin",0,0,0,18.5758,17.8071,0,"Primary root","null"
"null","null","050402bf-fd74-4d51-a70c-9d4b6eb0ab58","root_1","Number",1.69803,0.177814,4.83593,18.6267,19.4395,0,"Primary root","1"
"null","null","050402bf-fd74-4d51-a70c-9d4b6eb0ab58","root_1","Number",2.40267,0.177814,4.67359,18.6267,20.1507,0,"Primary root","2"
"null","null","050402bf-fd74-4d51-a70c-9d4b6eb0ab58","root_1","Number",2.60506,0.177814,4.67359,18.6267,20.3539,0,"Primary root","3"
"null","null","050402bf-fd74-4d51-a70c-9d4b6eb0ab58","root_1","Number",2.86023,0.177814,4.64997,18.6097,20.6079,0,"Primary root","4"
"null","null","050402bf-fd74-4d51-a70c-9d4b6eb0ab58","root_1","Number",3.24741,0.177814,4.82054,18.6267,20.9973,0,"Primary root","5"
"null","null","050402bf-fd74-4d51-a70c-9d4b6eb0ab58","root_1","Number",3.94217,0.231279,4.61552,18.6097,21.6747,0,"Primary root","6"
"null","null","050402bf-fd74-4d51-a70c-9d4b6eb0ab58","root_1","Number",4.25704,0.24142,4.70865,18.5928,21.9964,0,"Primary root","7"
"null","null","050402bf-fd74-4d51-a70c-9d4b6eb0ab58","root_1","Number",4.48662,0.233328,5.15385,18.6097,22.2165,0,"Primary root","8"
"null","null","050402bf-fd74-4d51-a70c-9d4b6eb0ab58","root_1","Number",4.84765,0.177802,4.97236,18.7621,22.5552,0,"Primary root","9"
"null","null","050402bf-fd74-4d51-a70c-9d4b6eb0ab58","root_1","Length",8.82956,0,0,18.7591,26.3918,0,"Primary root","null"
"TRcd_PL6_DAT18.xml","TRcd_PL6_DAT18.xml","61f58ca2-ae2c-4bfb-807b-37e836b028c4","root_0","Origin",0,0,0,16.3999,18.5729,0,"Primary root","null"
"null","null","61f58ca2-ae2c-4bfb-807b-37e836b028c4","root_0","Number",0.574695,0.22013,4.97885,16.4931,19.0669,0,"Primary root","1"
"null","null","61f58ca2-ae2c-4bfb-807b-37e836b028c4","root_0","Number",0.972299,0.209256,4.53779,16.5269,19.4564,0,"Primary root","2"
"null","null","61f58ca2-ae2c-4bfb-807b-37e836b028c4","root_0","Number",1.42469,0.176677,4.65337,16.4761,19.8967,0,"Primary root","3"
"null","null","61f58ca2-ae2c-4bfb-807b-37e836b028c4","root_0","Number",1.83422,0.259346,4.61462,16.4423,20.3031,0,"Primary root","4"
"null","null","61f58ca2-ae2c-4bfb-807b-37e836b028c4","root_0","Number",2.34108,0.259306,4.3666,16.4592,20.8111,0,"Primary root","5"
"null","null","61f58ca2-ae2c-4bfb-807b-37e836b028c4","root_0","Number",2.74707,0.182059,4.91257,16.3407,21.2005,0,"Primary root","6"
"null","null","61f58ca2-ae2c-4bfb-807b-37e836b028c4","root_0","Number",3.65694,0.20934,4.78524,16.3576,22.0811,0,"Primary root","7"
"null","null","61f58ca2-ae2c-4bfb-807b-37e836b028c4","root_0","Number",4.21402,0.171386,4.8634,16.4253,22.6399,0,"Primary root","8"
"null","null","61f58ca2-ae2c-4bfb-807b-37e836b028c4","root_0","Number",5.19885,0.165976,4.69609,16.3407,23.6051,0,"Primary root","9"
"null","null","61f58ca2-ae2c-4bfb-807b-37e836b028c4","root_0","Number",5.58937,0.165976,4.69609,16.3407,23.9945,0,"Primary root","10"
"null","null","61f58ca2-ae2c-4bfb-807b-37e836b028c4","root_0","Number",5.82897,0.165976,5.01622,16.3745,24.2316,0,"Primary root","11"
"null","null","61f58ca2-ae2c-4bfb-807b-37e836b028c4","root_0","Length",7.34184,0,0,16.3481,25.6828,0,"Primary root","null"
"TRcd_PL7_DAT18.xml","TRcd_PL7_DAT18.xml","7fe999bb-b21c-47f9-a8e7-c4b7fe8d645d","root_8","Origin",0,0,0,16.6252,10.7676,0,"Primary root","null"
"null","null","7fe999bb-b21c-47f9-a8e7-c4b7fe8d645d","root_8","Number",5.70628,0.146496,3.99739,13.97,15.7819,0,"Primary root","1"
"null","null","7fe999bb-b21c-47f9-a8e7-c4b7fe8d645d","root_8","Number",5.54274,0.174716,3.99739,14.0885,15.6633,0,"Primary root","0"
"null","null","7fe999bb-b21c-47f9-a8e7-c4b7fe8d645d","root_8","Number",5.15945,0.151611,4.08083,14.3087,15.3585,0,"Primary root","-1"
"null","null","7fe999bb-b21c-47f9-a8e7-c4b7fe8d645d","root_8","Number",4.78166,0.139168,4.12333,14.5119,15.0368,0,"Primary root","-2"
"null","null","7fe999bb-b21c-47f9-a8e7-c4b7fe8d645d","root_8","Length",8.66589,0,0,13.6567,18.6372,0,"Primary root","null"
"TRcd_PL7_DAT18.xml","TRcd_PL7_DAT18.xml","5a601061-b835-4af1-b46d-1376ff8e536e","root_6","Origin",0,0,0,13.4578,15.2825,0,"Primary root","null"
"null","null","5a601061-b835-4af1-b46d-1376ff8e536e","root_6","Length",1.29279,0,0,13.2155,16.5432,0,"Primary root","null"
"TRcd_PL7_DAT18.xml","TRcd_PL7_DAT18.xml","9eb0ed14-55bb-4b07-aee5-6799dac40a8f","root_5","Origin",0,0,0,19.5477,17.6828,0,"Primary root","null"
"null","null","9eb0ed14-55bb-4b07-aee5-6799dac40a8f","root_5","Number",2.1794,0.248311,4.65952,18.7113,19.6257,0,"Primary root","1"
"null","null","9eb0ed14-55bb-4b07-aee5-6799dac40a8f","root_5","Number",2.81497,0.19145,4.51144,18.6436,20.2523,0,"Primary root","2"
"null","null","9eb0ed14-55bb-4b07-aee5-6799dac40a8f","root_5","Number",3.77551,0.177074,4.82482,18.5928,21.2005,0,"Primary root","3"
"null","null","9eb0ed14-55bb-4b07-aee5-6799dac40a8f","root_5","Length",5.07223,0,0,18.514,22.4945,0,"Primary root","null"
"TRcd_PL7_DAT18.xml","TRcd_PL7_DAT18.xml","25edffa9-9675-47a0-b401-60c15e3b43e4","root_4","Origin",0,0,0,19.5993,19.5214,0,"Primary root","null"
"null","null","25edffa9-9675-47a0-b401-60c15e3b43e4","root_4","Number",0.276676,0.194759,5.70261,19.8289,19.6427,0,"Primary root","1"
"null","null","25edffa9-9675-47a0-b401-60c15e3b43e4","root_4","Number",0.893879,0.194759,4.27278,19.6935,20.2015,0,"Primary root","2"
"null","null","25edffa9-9675-47a0-b401-60c15e3b43e4","root_4","Number",1.29597,0.194759,4.78444,19.6935,20.5909,0,"Primary root","3"
"null","null","25edffa9-9675-47a0-b401-60c15e3b43e4","root_4","Number",1.97022,0.216911,4.91916,19.7951,21.2683,0,"Primary root","4"
"null","null","25edffa9-9675-47a0-b401-60c15e3b43e4","root_4","Number",2.37615,0.165933,4.79181,19.8628,21.6747,0,"Primary root","5"
"null","null","25edffa9-9675-47a0-b401-60c15e3b43e4","root_4","Number",2.6946,0.173327,4.85133,19.8797,21.9795,0,"Primary root","6"
"null","null","25edffa9-9675-47a0-b401-60c15e3b43e4","root_4","Number",3.33687,0.212895,4.69887,19.9475,22.6229,0,"Primary root","7"
"null","null","25edffa9-9675-47a0-b401-60c15e3b43e4","root_4","Length",4.75763,0,0,19.9261,23.9549,0,"Primary root","null"
"TRcd_PL7_DAT18.xml","TRcd_PL7_DAT18.xml","722cabac-bcc0-4623-b41d-02df39965b67","root_3","Origin",0,0,0,17.107,27.3369,0,"Primary root","null"
"null","null","722cabac-bcc0-4623-b41d-02df39965b67","root_3","Length",1.41334,0,0,17.6876,27.8051,0,"Primary root","null"
"TRcd_PL7_DAT18.xml","TRcd_PL7_DAT18.xml","1e28c6c9-75b7-46fe-a5fb-aa34c8952dd9","root_2","Origin",0,0,0,12.9625,21.3106,0,"Primary root","null"
"null","null","1e28c6c9-75b7-46fe-a5fb-aa34c8952dd9","root_2","Length",1.29265,0,0,12.7771,22.3506,0,"Primary root","null"
"TRcd_PL7_DAT18.xml","TRcd_PL7_DAT18.xml","0a17bd26-d1de-485d-bf3e-e95e25b1c850","root_1","Origin",0,0,0,16.4238,18.6349,0,"Primary root","null"
"null","null","0a17bd26-d1de-485d-bf3e-e95e25b1c850","root_1","Number",3.26202,0.163804,4.35506,15.0199,21.4884,0,"Primary root","1"
"null","null","0a17bd26-d1de-485d-bf3e-e95e25b1c850","root_1","Number",8.01348,0.133944,4.62683,13.3096,25.6371,0,"Primary root","2"
"null","null","0a17bd26-d1de-485d-bf3e-e95e25b1c850","root_1","Number",6.76375,0.177803,4.60795,13.3096,24.4009,0,"Primary root","2"
"null","null","0a17bd26-d1de-485d-bf3e-e95e25b1c850","root_1","Number",5.77558,0.0905133,3.78569,13.9531,23.6897,0,"Primary root","2"
"null","null","0a17bd26-d1de-485d-bf3e-e95e25b1c850","root_1","Length",9.00065,0,0,13.1106,26.5825,0,"Primary root","null"
"TRcd_PL7_DAT18.xml","TRcd_PL7_DAT18.xml","105bfd58-bdcb-4c5e-9dc2-a7395a5a3b6c","root_0","Origin",0,0,0,14.5246,27.2205,0,"Primary root","null"
"null","null","105bfd58-bdcb-4c5e-9dc2-a7395a5a3b6c","root_0","Length",2.4898,0,0,14.6576,29.5146,0,"Primary root","null"
"TRcd_PL8_DAT18.xml","TRcd_PL8_DAT18.xml","ad6b7444-bce3-4a6a-a670-d5d6bec813cc","root_1","Origin",0,0,0,16.0701,30.0264,0,"Primary root","null"
"null","null","ad6b7444-bce3-4a6a-a670-d5d6bec813cc","root_1","Length",2.24111,0,0,15.8141,32.2009,0,"Primary root","null"
"TRcd_PL8_DAT18.xml","TRcd_PL8_DAT18.xml","c1515406-5989-420a-87e9-6fc54bd4ec1f","root_0","Origin",0,0,0,15.622,28.9716,0,"Primary root","null"
"null","null","c1515406-5989-420a-87e9-6fc54bd4ec1f","root_0","Length",2.64144,0,0,15.4809,31.3972,0,"Primary root","null"
"TRcd_PL9_DAT18.xml","TRcd_PL9_DAT18.xml","8454d5ae-e012-4de5-9391-462ff05316b4","root_3","Origin",0,0,0,20.2978,10.204,0,"Primary root","null"
"null","null","8454d5ae-e012-4de5-9391-462ff05316b4","root_3","Number",10.8342,0.174365,4.39334,19.3717,20.5401,0,"Primary root","1"
"null","null","8454d5ae-e012-4de5-9391-462ff05316b4","root_3","Number",10.4409,0.169225,4.44153,19.4903,20.1676,0,"Primary root","0"
"null","null","8454d5ae-e012-4de5-9391-462ff05316b4","root_3","Number",10.1947,0.160851,4.5725,19.558,19.9305,0,"Primary root","-1"
"null","null","8454d5ae-e012-4de5-9391-462ff05316b4","root_3","Number",9.68289,0.178967,4.5598,19.6257,19.4225,0,"Primary root","-2"
"null","null","8454d5ae-e012-4de5-9391-462ff05316b4","root_3","Number",9.15986,0.180071,4.57564,19.6935,18.8976,0,"Primary root","-3"
"null","null","8454d5ae-e012-4de5-9391-462ff05316b4","root_3","Number",7.36048,0.174596,4.6074,19.9813,17.1365,0,"Primary root","-4"
"null","null","8454d5ae-e012-4de5-9391-462ff05316b4","root_3","Number",6.70108,0.161781,4.43351,20.0829,16.4761,0,"Primary root","-5"
"null","null","8454d5ae-e012-4de5-9391-462ff05316b4","root_3","Number",6.10234,0.175667,4.65451,20.1845,15.9004,0,"Primary root","-6"
"null","null","8454d5ae-e012-4de5-9391-462ff05316b4","root_3","Number",5.09254,0.195793,4.58569,20.3539,14.9013,0,"Primary root","-7"
"null","null","8454d5ae-e012-4de5-9391-462ff05316b4","root_3","Length",18.5889,0,0,18.0577,28.0688,0,"Primary root","null"
"TRcd_PL9_DAT18.xml","TRcd_PL9_DAT18.xml","3bd8602d-f968-4ab7-a214-ea9706439b8e","root_2","Origin",0,0,0,14.4458,13.4289,0,"Primary root","null"
"null","null","3bd8602d-f968-4ab7-a214-ea9706439b8e","root_2","Number",5.30084,0.16583,4.45176,13.0725,18.542,0,"Primary root","1"
"null","null","3bd8602d-f968-4ab7-a214-ea9706439b8e","root_2","Number",4.57724,0.167636,4.39804,13.2588,17.8308,0,"Primary root","0"
"null","null","3bd8602d-f968-4ab7-a214-ea9706439b8e","root_2","Number",3.52378,0.174112,4.38498,13.5467,16.8317,0,"Primary root","-1"
"null","null","3bd8602d-f968-4ab7-a214-ea9706439b8e","root_2","Length",13.5633,0,0,11.8336,26.5632,0,"Primary root","null"
"TRcd_PL9_DAT18.xml","TRcd_PL9_DAT18.xml","32bb9ad4-4eda-4f62-9042-798b2526f98b","root_1","Origin",0,0,0,15.6924,32.0033,0,"Primary root","null"
"null","null","32bb9ad4-4eda-4f62-9042-798b2526f98b","root_1","Length",4.12397,0,0,15.3315,35.8336,0,"Primary root","null"
"TRcd_PL9_DAT18.xml","TRcd_PL9_DAT18.xml","64ec08bf-078e-475d-bc4a-2cab4bf62fd6","root_0","Origin",0,0,0,15.9452,31.0398,0,"Primary root","null"
"null","null","64ec08bf-078e-475d-bc4a-2cab4bf62fd6","root_0","Length",2.08648,0,0,16.0139,32.9757,0,"Primary root","null"
"TRmock_PL10_DAT18.xml","TRmock_PL10_DAT18.xml","b6823e7a-6ccd-4e73-b593-06d014df1348","root_2","Origin",0,0,0,18.7268,22.6873,0,"Primary root","null"
"null","null","b6823e7a-6ccd-4e73-b593-06d014df1348","root_2","Number",5.22228,0.170642,4.63055,18.2033,27.8723,0,"Primary root","1"
"null","null","b6823e7a-6ccd-4e73-b593-06d014df1348","root_2","Number",4.86639,0.171985,4.67229,18.2203,27.5167,0,"Primary root","0"
"null","null","b6823e7a-6ccd-4e73-b593-06d014df1348","root_2","Number",4.74795,0.172423,4.67229,18.2203,27.3981,0,"Primary root","-1"
"null","null","b6823e7a-6ccd-4e73-b593-06d014df1348","root_2","Number",4.27578,0.172726,4.51791,18.3049,26.924,0,"Primary root","-2"
"null","null","b6823e7a-6ccd-4e73-b593-06d014df1348","root_2","Number",3.87559,0.172726,4.58368,18.3727,26.5345,0,"Primary root","-3"
"null","null","b6823e7a-6ccd-4e73-b593-06d014df1348","root_2","Number",2.70534,0.130171,4.56109,18.4912,25.3661,0,"Primary root","-4"
"null","null","b6823e7a-6ccd-4e73-b593-06d014df1348","root_2","Number",2.09076,0.130057,4.56754,18.5589,24.7565,0,"Primary root","-5"
"null","null","b6823e7a-6ccd-4e73-b593-06d014df1348","root_2","Number",2.25385,0.130171,4.63243,18.542,24.9259,0,"Primary root","-4"
"null","null","b6823e7a-6ccd-4e73-b593-06d014df1348","root_2","Number",1.76437,0.126997,4.60047,18.5928,24.4348,0,"Primary root","-6"
"null","null","b6823e7a-6ccd-4e73-b593-06d014df1348","root_2","Length",15.2461,0,0,17.1233,37.7814,0,"Primary root","null"
"TRmock_PL10_DAT18.xml","TRmock_PL10_DAT18.xml","15381560-c95f-4952-a2c0-b71e04f0a942","root_1","Origin",0,0,0,13.4855,18.8503,0,"Primary root","null"
"null","null","15381560-c95f-4952-a2c0-b71e04f0a942","root_1","Number",4.44943,0.145817,4.49203,12.6492,23.1817,0,"Primary root","1"
"null","null","15381560-c95f-4952-a2c0-b71e04f0a942","root_1","Number",4.72572,0.136818,4.47834,12.5815,23.4527,0,"Primary root","2"
"null","null","15381560-c95f-4952-a2c0-b71e04f0a942","root_1","Number",4.91738,0.139941,4.45373,12.5307,23.6389,0,"Primary root","3"
"null","null","15381560-c95f-4952-a2c0-b71e04f0a942","root_1","Number",5.27657,0.145628,4.49729,12.446,23.9945,0,"Primary root","4"
"null","null","15381560-c95f-4952-a2c0-b71e04f0a942","root_1","Number",5.58854,0.145755,4.41412,12.3613,24.2993,0,"Primary root","5"
"null","null","15381560-c95f-4952-a2c0-b71e04f0a942","root_1","Number",6.01007,0.137583,4.37159,12.2428,24.6888,0,"Primary root","6"
"null","null","15381560-c95f-4952-a2c0-b71e04f0a942","root_1","Number",6.27079,0.139047,4.41322,12.1581,24.9428,0,"Primary root","7"
"null","null","15381560-c95f-4952-a2c0-b71e04f0a942","root_1","Number",6.52107,0.14387,4.41322,12.0735,25.1799,0,"Primary root","8"
"null","null","15381560-c95f-4952-a2c0-b71e04f0a942","root_1","Number",6.83869,0.151893,4.38124,11.9719,25.4847,0,"Primary root","9"
"null","null","15381560-c95f-4952-a2c0-b71e04f0a942","root_1","Number",7.13088,0.139175,4.33866,11.8872,25.7556,0,"Primary root","10"
"null","null","15381560-c95f-4952-a2c0-b71e04f0a942","root_1","Number",7.31326,0.142251,4.33866,11.8195,25.9249,0,"Primary root","11"
"null","null","15381560-c95f-4952-a2c0-b71e04f0a942","root_1","Number",7.76909,0.161462,4.35938,11.6671,26.3652,0,"Primary root","12"
"null","null","15381560-c95f-4952-a2c0-b71e04f0a942","root_1","Number",8.12177,0.171959,4.43263,11.5485,26.6869,0,"Primary root","13"
"null","null","15381560-c95f-4952-a2c0-b71e04f0a942","root_1","Length",19.5269,0,0,10.5756,37.9646,0,"Primary root","null"
"TRmock_PL10_DAT18.xml","TRmock_PL10_DAT18.xml","d3a5d94d-a211-4eb3-9557-81f839157f58","root_0","Origin",0,0,0,13.8636,12.9249,0,"Primary root","null"
"null","null","d3a5d94d-a211-4eb3-9557-81f839157f58","root_0","Number",19.7938,0.201604,4.67519,7.55227,30.8525,0,"Primary root","1"
"null","null","d3a5d94d-a211-4eb3-9557-81f839157f58","root_0","Number",19.3115,0.223227,4.60494,7.58613,30.3615,0,"Primary root","0"
"null","null","d3a5d94d-a211-4eb3-9557-81f839157f58","root_0","Number",18.8564,0.207665,4.55308,7.63693,29.9212,0,"Primary root","-1"
"null","null","d3a5d94d-a211-4eb3-9557-81f839157f58","root_0","Number",18.582,0.177791,4.55308,7.68773,29.6503,0,"Primary root","-2"
"null","null","d3a5d94d-a211-4eb3-9557-81f839157f58","root_0","Number",18.3587,0.177791,4.55308,7.7216,29.4301,0,"Primary root","-3"
"null","null","d3a5d94d-a211-4eb3-9557-81f839157f58","root_0","Number",18.0582,0.177791,4.4834,7.7724,29.1253,0,"Primary root","-4"
"null","null","d3a5d94d-a211-4eb3-9557-81f839157f58","root_0","Number",17.7466,0.177791,4.32418,7.874,28.8375,0,"Primary root","-5"
"null","null","d3a5d94d-a211-4eb3-9557-81f839157f58","root_0","Number",17.6867,0.177791,4.32418,7.89093,28.7697,0,"Primary root","-6"
"null","null","d3a5d94d-a211-4eb3-9557-81f839157f58","root_0","Number",17.383,0.177791,5.07889,7.90787,28.4988,0,"Primary root","-7"
"null","null","d3a5d94d-a211-4eb3-9557-81f839157f58","root_0","Number",17.1945,0.177791,5.07889,7.84013,28.3125,0,"Primary root","-8"
"null","null","d3a5d94d-a211-4eb3-9557-81f839157f58","root_0","Number",16.6398,0.170879,4.13038,8.0772,27.8553,0,"Primary root","-9"
"null","null","d3a5d94d-a211-4eb3-9557-81f839157f58","root_0","Number",16.3118,0.172967,4.33791,8.2296,27.5675,0,"Primary root","-10"
"null","null","d3a5d94d-a211-4eb3-9557-81f839157f58","root_0","Number",15.9752,0.183742,4.33791,8.34813,27.2457,0,"Primary root","-11"
"null","null","d3a5d94d-a211-4eb3-9557-81f839157f58","root_0","Number",15.6912,0.199548,4.95151,8.3312,26.9748,0,"Primary root","-12"
"null","null","d3a5d94d-a211-4eb3-9557-81f839157f58","root_0","Number",15.4872,0.203968,4.60139,8.3312,26.7716,0,"Primary root","-13"
"null","null","d3a5d94d-a211-4eb3-9557-81f839157f58","root_0","Number",15.2998,0.201021,4.39363,8.34813,26.5853,0,"Primary root","-14"
"null","null","d3a5d94d-a211-4eb3-9557-81f839157f58","root_0","Number",14.9357,0.167842,4.39363,8.46667,26.2467,0,"Primary root","-15"
"null","null","d3a5d94d-a211-4eb3-9557-81f839157f58","root_0","Number",14.7745,0.160872,4.75203,8.4836,26.0773,0,"Primary root","-16"
"null","null","d3a5d94d-a211-4eb3-9557-81f839157f58","root_0","Number",14.385,0.163263,4.45796,8.4836,25.7048,0,"Primary root","-17"
"null","null","d3a5d94d-a211-4eb3-9557-81f839157f58","root_0","Number",14.2775,0.167876,4.45796,8.51747,25.5863,0,"Primary root","-18"
"null","null","d3a5d94d-a211-4eb3-9557-81f839157f58","root_0","Number",13.8626,0.17234,3.92694,8.77147,25.2815,0,"Primary root","-19"
"null","null","d3a5d94d-a211-4eb3-9557-81f839157f58","root_0","Length",25.6279,0,0,6.78644,36.4807,0,"Primary root","null"
"TRmock_PL1_DAT18.xml","TRmock_PL1_DAT18.xml","1e9bd7ea-0ac1-4024-883e-f178e30bbefd","root_2","Origin",0,0,0,16.2839,35.671,0,"Primary root","null"
"null","null","1e9bd7ea-0ac1-4024-883e-f178e30bbefd","root_2","Number",3.8636,0.185814,4.6638,16.1375,39.5224,0,"Primary root","1"
"null","null","1e9bd7ea-0ac1-4024-883e-f178e30bbefd","root_2","Number",3.27171,0.195323,4.69535,16.1883,38.9297,0,"Primary root","0"
"null","null","1e9bd7ea-0ac1-4024-883e-f178e30bbefd","root_2","Number",2.4231,0.223289,4.75827,16.2052,38.0831,0,"Primary root","-1"
"null","null","1e9bd7ea-0ac1-4024-883e-f178e30bbefd","root_2","Number",2.1861,0.223289,4.69391,16.1883,37.846,0,"Primary root","-2"
"null","null","1e9bd7ea-0ac1-4024-883e-f178e30bbefd","root_2","Number",1.19937,0.223289,4.66551,16.256,36.8639,0,"Primary root","-3"
"null","null","1e9bd7ea-0ac1-4024-883e-f178e30bbefd","root_2","Length",11.3112,0,0,16.0687,46.8848,0,"Primary root","null"
"TRmock_PL1_DAT18.xml","TRmock_PL1_DAT18.xml","e96a6a53-7311-41a7-be5d-5743eb46d32b","root_1","Origin",0,0,0,18.8001,34.2877,0,"Primary root","null"
"null","null","e96a6a53-7311-41a7-be5d-5743eb46d32b","root_1","Length",5.90264,0,0,18.7294,40.0909,0,"Primary root","null"
"TRmock_PL1_DAT18.xml","TRmock_PL1_DAT18.xml","9e346b36-87b7-4982-846a-b9c0b5b6fd3b","root_0","Origin",0,0,0,14.5238,22.3134,0,"Primary root","null"
"null","null","9e346b36-87b7-4982-846a-b9c0b5b6fd3b","root_0","Number",9.8498,0.173686,4.68732,14.1224,32.1225,0,"Primary root","1"
"null","null","9e346b36-87b7-4982-846a-b9c0b5b6fd3b","root_0","Number",9.4414,0.174962,4.68732,14.1393,31.7161,0,"Primary root","0"
"null","null","9e346b36-87b7-4982-846a-b9c0b5b6fd3b","root_0","Number",8.91903,0.196051,4.72817,14.1055,31.1912,0,"Primary root","-1"
"null","null","9e346b36-87b7-4982-846a-b9c0b5b6fd3b","root_0","Number",8.52628,0.161645,4.8071,14.0885,30.8017,0,"Primary root","-2"
"null","null","9e346b36-87b7-4982-846a-b9c0b5b6fd3b","root_0","Number",7.97034,0.191975,4.73741,14.0547,30.2429,0,"Primary root","-3"
"null","null","9e346b36-87b7-4982-846a-b9c0b5b6fd3b","root_0","Number",7.44216,0.188618,4.70983,14.1055,29.718,0,"Primary root","-4"
"null","null","9e346b36-87b7-4982-846a-b9c0b5b6fd3b","root_0","Number",6.98569,0.203304,4.68857,14.1055,29.2608,0,"Primary root","-5"
"null","null","9e346b36-87b7-4982-846a-b9c0b5b6fd3b","root_0","Number",5.71276,0.20051,4.68478,14.1055,27.9908,0,"Primary root","-6"
"null","null","9e346b36-87b7-4982-846a-b9c0b5b6fd3b","root_0","Number",5.04282,0.224832,4.5097,14.1901,27.3304,0,"Primary root","-7"
"null","null","9e346b36-87b7-4982-846a-b9c0b5b6fd3b","root_0","Number",4.24514,0.182727,4.58489,14.2409,26.5345,0,"Primary root","-8"
"null","null","9e346b36-87b7-4982-846a-b9c0b5b6fd3b","root_0","Number",3.74896,0.186267,4.64165,14.2917,26.0435,0,"Primary root","-9"
"null","null","9e346b36-87b7-4982-846a-b9c0b5b6fd3b","root_0","Number",2.66574,0.208174,4.6345,14.3764,24.9597,0,"Primary root","-10"
"null","null","9e346b36-87b7-4982-846a-b9c0b5b6fd3b","root_0","Number",1.75796,0.2032,4.69626,14.4272,24.0623,0,"Primary root","-11"
"null","null","9e346b36-87b7-4982-846a-b9c0b5b6fd3b","root_0","Number",1.25359,0.224859,4.61344,14.4611,23.5543,0,"Primary root","-12"
"null","null","9e346b36-87b7-4982-846a-b9c0b5b6fd3b","root_0","Number",0.890553,0.228597,4.66869,14.478,23.1987,0,"Primary root","-13"
"null","null","9e346b36-87b7-4982-846a-b9c0b5b6fd3b","root_0","Number",0.524027,0.235701,4.61804,14.5119,22.8261,0,"Primary root","-14"
"null","null","9e346b36-87b7-4982-846a-b9c0b5b6fd3b","root_0","Length",17.8612,0,0,13.9047,40.1136,0,"Primary root","null"
"TRmock_PL2_DAT18.xml","TRmock_PL2_DAT18.xml","bd13ce6e-7e0e-40bc-9f19-bda20a2b75d4","root_1","Origin",0,0,0,16.3706,43.8872,0,"Primary root","null"
"null","null","bd13ce6e-7e0e-40bc-9f19-bda20a2b75d4","root_1","Length",8.08732,0,0,17.4798,51.6708,0,"Primary root","null"
"TRmock_PL2_DAT18.xml","TRmock_PL2_DAT18.xml","43df298d-a25e-43cf-9ba2-4b3c35cde76c","root_0","Origin",0,0,0,12.9462,17.8308,0,"Primary root","null"
"null","null","43df298d-a25e-43cf-9ba2-4b3c35cde76c","root_0","Number",12.1966,0.188226,4.62002,12.0735,29.8704,0,"Primary root","1"
"null","null","43df298d-a25e-43cf-9ba2-4b3c35cde76c","root_0","Number",11.146,0.169596,4.66676,12.0565,28.8375,0,"Primary root","0"
"null","null","43df298d-a25e-43cf-9ba2-4b3c35cde76c","root_0","Number",10.9748,0.188973,4.66676,12.0735,28.6681,0,"Primary root","-1"
"null","null","43df298d-a25e-43cf-9ba2-4b3c35cde76c","root_0","Number",10.4356,0.13037,4.66676,12.0904,28.1263,0,"Primary root","-2"
"null","null","43df298d-a25e-43cf-9ba2-4b3c35cde76c","root_0","Number",10.1278,0.110068,4.85576,12.0735,27.8215,0,"Primary root","-3"
"null","null","43df298d-a25e-43cf-9ba2-4b3c35cde76c","root_0","Number",9.29079,0.154538,4.8532,11.9888,26.9748,0,"Primary root","-4"
"null","null","43df298d-a25e-43cf-9ba2-4b3c35cde76c","root_0","Number",9.09491,0.166445,4.733,11.9888,26.7885,0,"Primary root","-5"
"null","null","43df298d-a25e-43cf-9ba2-4b3c35cde76c","root_0","Number",8.76718,0.171708,4.55917,12.0227,26.4668,0,"Primary root","-6"
"null","null","43df298d-a25e-43cf-9ba2-4b3c35cde76c","root_0","Number",8.35947,0.171708,4.7628,12.0227,26.0604,0,"Primary root","-7"
"null","null","43df298d-a25e-43cf-9ba2-4b3c35cde76c","root_0","Number",8.06316,0.175532,4.43481,12.0396,25.7556,0,"Primary root","-8"
"null","null","43df298d-a25e-43cf-9ba2-4b3c35cde76c","root_0","Number",7.75955,0.199611,4.54208,12.1243,25.4677,0,"Primary root","-9"
"null","null","43df298d-a25e-43cf-9ba2-4b3c35cde76c","root_0","Number",7.41622,0.176291,4.54208,12.1751,25.1291,0,"Primary root","-10"
"null","null","43df298d-a25e-43cf-9ba2-4b3c35cde76c","root_0","Number",7.02863,0.1778,4.34632,12.2259,24.7396,0,"Primary root","-11"
"null","null","43df298d-a25e-43cf-9ba2-4b3c35cde76c","root_0","Number",6.62714,0.176421,4.6757,12.3613,24.3671,0,"Primary root","-12"
"null","null","43df298d-a25e-43cf-9ba2-4b3c35cde76c","root_0","Number",5.96924,0.148253,4.56653,12.3952,23.7067,0,"Primary root","-13"
"null","null","43df298d-a25e-43cf-9ba2-4b3c35cde76c","root_0","Number",5.83981,0.13824,4.56653,12.4121,23.5881,0,"Primary root","-14"
"null","null","43df298d-a25e-43cf-9ba2-4b3c35cde76c","root_0","Number",5.47661,0.132271,4.64516,12.4968,23.2325,0,"Primary root","-15"
"null","null","43df298d-a25e-43cf-9ba2-4b3c35cde76c","root_0","Number",5.26147,0.132271,4.69222,12.5137,23.0124,0,"Primary root","-16"
"null","null","43df298d-a25e-43cf-9ba2-4b3c35cde76c","root_0","Number",5.01385,0.132271,4.69222,12.5137,22.7753,0,"Primary root","-17"
"null","null","43df298d-a25e-43cf-9ba2-4b3c35cde76c","root_0","Number",4.70441,0.160874,4.62895,12.5476,22.4536,0,"Primary root","-18"
"null","null","43df298d-a25e-43cf-9ba2-4b3c35cde76c","root_0","Number",4.51976,0.160874,4.62895,12.5645,22.2843,0,"Primary root","-19"
"null","null","43df298d-a25e-43cf-9ba2-4b3c35cde76c","root_0","Number",4.25433,0.183325,4.55454,12.5984,22.0133,0,"Primary root","-20"
"null","null","43df298d-a25e-43cf-9ba2-4b3c35cde76c","root_0","Number",3.94875,0.21877,4.55454,12.6492,21.7085,0,"Primary root","-21"
"null","null","43df298d-a25e-43cf-9ba2-4b3c35cde76c","root_0","Number",3.68584,0.235943,4.65977,12.6661,21.4545,0,"Primary root","-22"
"null","null","43df298d-a25e-43cf-9ba2-4b3c35cde76c","root_0","Number",3.49657,0.235943,4.65977,12.6831,21.2683,0,"Primary root","-23"
"null","null","43df298d-a25e-43cf-9ba2-4b3c35cde76c","root_0","Length",17.4401,0,0,11.91,35.0799,0,"Primary root","null"
"TRmock_PL3_DAT18 (1).xml","TRmock_PL3_DAT18 (1).xml","2b3122aa-a04c-4d7c-bd2c-5dea52db3d5b","root_2","Origin",0,0,0,22.6017,15.9267,0,"Primary root","null"
"null","null","2b3122aa-a04c-4d7c-bd2c-5dea52db3d5b","root_2","Length",7.95582,0,0,22.4524,23.7471,0,"Primary root","null"
"TRmock_PL3_DAT18 (1).xml","TRmock_PL3_DAT18 (1).xml","4fbdb0fe-b974-48c0-aa5b-87cb0a57b902","root_1","Origin",0,0,0,14.6916,22.824,0,"Primary root","null"
"null","null","4fbdb0fe-b974-48c0-aa5b-87cb0a57b902","root_1","Number",6.13347,0.1467,4.63413,14.2409,28.9052,0,"Primary root","1"
"null","null","4fbdb0fe-b974-48c0-aa5b-87cb0a57b902","root_1","Number",5.82497,0.132667,4.76364,14.2409,28.6004,0,"Primary root","0"
"null","null","4fbdb0fe-b974-48c0-aa5b-87cb0a57b902","root_1","Number",5.70832,0.140332,4.76364,14.2409,28.4819,0,"Primary root","-1"
"null","null","4fbdb0fe-b974-48c0-aa5b-87cb0a57b902","root_1","Number",5.38215,0.143943,4.70542,14.2409,28.1601,0,"Primary root","-2"
"null","null","4fbdb0fe-b974-48c0-aa5b-87cb0a57b902","root_1","Number",5.10453,0.138811,4.6092,14.2748,27.8892,0,"Primary root","-3"
"null","null","4fbdb0fe-b974-48c0-aa5b-87cb0a57b902","root_1","Number",4.98388,0.144353,4.62323,14.2748,27.7707,0,"Primary root","-4"
"null","null","4fbdb0fe-b974-48c0-aa5b-87cb0a57b902","root_1","Number",4.80186,0.151835,4.62323,14.2917,27.5844,0,"Primary root","-5"
"null","null","4fbdb0fe-b974-48c0-aa5b-87cb0a57b902","root_1","Number",4.45752,0.143934,4.53549,14.3256,27.2457,0,"Primary root","-6"
"null","null","4fbdb0fe-b974-48c0-aa5b-87cb0a57b902","root_1","Number",4.07531,0.139259,4.52105,14.3933,26.8563,0,"Primary root","-7"
"null","null","4fbdb0fe-b974-48c0-aa5b-87cb0a57b902","root_1","Number",3.87841,0.135464,4.53522,14.4272,26.67,0,"Primary root","-8"
"null","null","4fbdb0fe-b974-48c0-aa5b-87cb0a57b902","root_1","Number",3.4646,0.142982,4.61475,14.4949,26.2636,0,"Primary root","-9"
"null","null","4fbdb0fe-b974-48c0-aa5b-87cb0a57b902","root_1","Number",3.26975,0.145042,4.61475,14.5119,26.0604,0,"Primary root","-10"
"null","null","4fbdb0fe-b974-48c0-aa5b-87cb0a57b902","root_1","Number",3.19342,0.144559,4.61475,14.5119,25.9927,0,"Primary root","-11"
"null","null","4fbdb0fe-b974-48c0-aa5b-87cb0a57b902","root_1","Number",2.94006,0.148572,4.68493,14.5288,25.7387,0,"Primary root","-12"
"null","null","4fbdb0fe-b974-48c0-aa5b-87cb0a57b902","root_1","Number",2.82266,0.152114,4.68493,14.5288,25.6201,0,"Primary root","-13"
"null","null","4fbdb0fe-b974-48c0-aa5b-87cb0a57b902","root_1","Number",2.71427,0.145677,4.67444,14.5457,25.5185,0,"Primary root","-14"
"null","null","4fbdb0fe-b974-48c0-aa5b-87cb0a57b902","root_1","Number",2.1679,0.143938,4.69059,14.5288,24.9597,0,"Primary root","-15"
"null","null","4fbdb0fe-b974-48c0-aa5b-87cb0a57b902","root_1","Number",1.95081,0.141849,4.65499,14.5457,24.7565,0,"Primary root","-16"
"null","null","4fbdb0fe-b974-48c0-aa5b-87cb0a57b902","root_1","Number",1.17994,0.126888,4.52678,14.6304,23.9776,0,"Primary root","-17"
"null","null","4fbdb0fe-b974-48c0-aa5b-87cb0a57b902","root_1","Number",1.36966,0.121777,4.5441,14.5965,24.1639,0,"Primary root","-16"
"null","null","4fbdb0fe-b974-48c0-aa5b-87cb0a57b902","root_1","Length",11.7488,0,0,13.7179,34.4139,0,"Primary root","null"
"TRmock_PL3_DAT18 (1).xml","TRmock_PL3_DAT18 (1).xml","90b766f7-b663-454e-9dd2-9d19a99f8174","root_0","Origin",0,0,0,13.1026,13.4629,0,"Primary root","null"
"null","null","90b766f7-b663-454e-9dd2-9d19a99f8174","root_0","Number",10.5053,0.190383,4.65237,11.7348,23.8083,0,"Primary root","1"
"null","null","90b766f7-b663-454e-9dd2-9d19a99f8174","root_0","Number",9.5214,0.157075,4.61869,11.8025,22.8431,0,"Primary root","0"
"null","null","90b766f7-b663-454e-9dd2-9d19a99f8174","root_0","Number",8.98248,0.169187,4.55846,11.8703,22.3012,0,"Primary root","-1"
"null","null","90b766f7-b663-454e-9dd2-9d19a99f8174","root_0","Number",8.50328,0.17609,4.50847,11.9041,21.8271,0,"Primary root","-2"
"null","null","90b766f7-b663-454e-9dd2-9d19a99f8174","root_0","Number",8.11256,0.222183,4.56524,11.9888,21.4376,0,"Primary root","-3"
"null","null","90b766f7-b663-454e-9dd2-9d19a99f8174","root_0","Number",7.68167,0.253986,4.50878,12.0565,21.0143,0,"Primary root","-4"
"null","null","90b766f7-b663-454e-9dd2-9d19a99f8174","root_0","Number",7.32969,0.247303,4.60555,12.1243,20.6756,0,"Primary root","-5"
"null","null","90b766f7-b663-454e-9dd2-9d19a99f8174","root_0","Number",6.40352,0.217699,4.56322,12.2259,19.7443,0,"Primary root","-6"
"null","null","90b766f7-b663-454e-9dd2-9d19a99f8174","root_0","Number",6.00117,0.217699,4.61452,12.2936,19.3548,0,"Primary root","-7"
"null","null","90b766f7-b663-454e-9dd2-9d19a99f8174","root_0","Number",5.18603,0.217699,4.5379,12.3952,18.542,0,"Primary root","-8"
"null","null","90b766f7-b663-454e-9dd2-9d19a99f8174","root_0","Number",5.7183,0.217699,4.61452,12.3105,19.0669,0,"Primary root","-7"
"null","null","90b766f7-b663-454e-9dd2-9d19a99f8174","root_0","Length",17.1995,0,0,11.3413,30.4436,0,"Primary root","null"
"TRmock_PL4_DAT18.xml","TRmock_PL4_DAT18.xml","5640b895-7657-47c9-832d-d93ccc7c0319","root_3","Origin",0,0,0,19.558,44.7629,0,"Primary root","null"
"null","null","5640b895-7657-47c9-832d-d93ccc7c0319","root_3","Length",6.19683,0,0,20.7042,50.7299,0,"Primary root","null"
"TRmock_PL4_DAT18.xml","TRmock_PL4_DAT18.xml","5624c2a0-3184-4016-b674-3515a658f5d4","root_2","Origin",0,0,0,19.0288,44.3232,0,"Primary root","null"
"null","null","5624c2a0-3184-4016-b674-3515a658f5d4","root_2","Length",4.75632,0,0,18.8547,49.0436,0,"Primary root","null"
"TRmock_PL4_DAT18.xml","TRmock_PL4_DAT18.xml","88a199ba-cdb6-4500-9a58-658197edea2d","root_1","Origin",0,0,0,15.958,25.0945,0,"Primary root","null"
"null","null","88a199ba-cdb6-4500-9a58-658197edea2d","root_1","Number",6.16663,0.143225,4.58846,13.3773,28.7359,0,"Primary root","1"
"null","null","88a199ba-cdb6-4500-9a58-658197edea2d","root_1","Number",5.53835,0.145431,4.58205,13.4451,28.1093,0,"Primary root","0"
"null","null","88a199ba-cdb6-4500-9a58-658197edea2d","root_1","Number",4.6707,0.152397,4.75083,13.4451,27.2457,0,"Primary root","-1"
"null","null","88a199ba-cdb6-4500-9a58-658197edea2d","root_1","Number",4.57486,0.148769,4.84121,13.4281,27.1611,0,"Primary root","-2"
"null","null","88a199ba-cdb6-4500-9a58-658197edea2d","root_1","Number",4.08827,0.145615,4.53083,13.4281,26.67,0,"Primary root","-3"
"null","null","88a199ba-cdb6-4500-9a58-658197edea2d","root_1","Number",3.95616,0.149627,4.53083,13.4451,26.5515,0,"Primary root","-4"
"null","null","88a199ba-cdb6-4500-9a58-658197edea2d","root_1","Number",3.73755,0.168304,4.4089,13.4959,26.3313,0,"Primary root","-5"
"null","null","88a199ba-cdb6-4500-9a58-658197edea2d","root_1","Number",3.42208,0.169997,4.16541,13.6483,26.0604,0,"Primary root","-6"
"null","null","88a199ba-cdb6-4500-9a58-658197edea2d","root_1","Number",3.31435,0.166496,4.16541,13.6991,25.9588,0,"Primary root","-7"
"null","null","88a199ba-cdb6-4500-9a58-658197edea2d","root_1","Number",3.1722,0.161875,4.16541,13.7837,25.8403,0,"Primary root","-8"
"null","null","88a199ba-cdb6-4500-9a58-658197edea2d","root_1","Number",2.96938,0.16087,3.98588,13.9023,25.6879,0,"Primary root","-9"
"null","null","88a199ba-cdb6-4500-9a58-658197edea2d","root_1","Number",2.64979,0.16087,4.02062,14.1055,25.4508,0,"Primary root","-10"
"null","null","88a199ba-cdb6-4500-9a58-658197edea2d","root_1","Length",11.7153,0,0,13.3524,34.2612,0,"Primary root","null"
"TRmock_PL4_DAT18.xml","TRmock_PL4_DAT18.xml","f75bf7f3-b30d-4332-a0aa-8316ece7a423","root_0","Origin",0,0,0,10.8374,16.3987,0,"Primary root","null"
"null","null","f75bf7f3-b30d-4332-a0aa-8316ece7a423","root_0","Length",5.91096,0,0,10.4729,22.2825,0,"Primary root","null"
"TRmock_PL5_DAT18.xml","TRmock_PL5_DAT18.xml","b7b8be5e-909a-4891-9966-13836c55be5f","root_1","Origin",0,0,0,16.6884,15.8845,0,"Primary root","null"
"null","null","b7b8be5e-909a-4891-9966-13836c55be5f","root_1","Number",19.3506,0.16083,4.74588,15.7649,34.9673,0,"Primary root","1"
"null","null","b7b8be5e-909a-4891-9966-13836c55be5f","root_1","Number",18.714,0.148596,4.69789,15.7649,34.3239,0,"Primary root","0"
"null","null","b7b8be5e-909a-4891-9966-13836c55be5f","root_1","Number",18.4987,0.149791,4.6623,15.7649,34.1207,0,"Primary root","-1"
"null","null","b7b8be5e-909a-4891-9966-13836c55be5f","root_1","Number",18.1642,0.158105,4.79797,15.7649,33.782,0,"Primary root","-2"
"null","null","b7b8be5e-909a-4891-9966-13836c55be5f","root_1","Number",17.9051,0.158802,4.7976,15.7311,33.528,0,"Primary root","-3"
"null","null","b7b8be5e-909a-4891-9966-13836c55be5f","root_1","Number",17.5401,0.163981,4.7675,15.7141,33.1555,0,"Primary root","-4"
"null","null","b7b8be5e-909a-4891-9966-13836c55be5f","root_1","Number",17.2316,0.166028,4.86601,15.6803,32.8507,0,"Primary root","-5"
"null","null","b7b8be5e-909a-4891-9966-13836c55be5f","root_1","Number",17.0641,0.161046,4.78839,15.6464,32.6813,0,"Primary root","-6"
"null","null","b7b8be5e-909a-4891-9966-13836c55be5f","root_1","Number",16.8199,0.174116,4.78839,15.6295,32.4443,0,"Primary root","-7"
"null","null","b7b8be5e-909a-4891-9966-13836c55be5f","root_1","Number",16.6916,0.179219,4.82386,15.6295,32.3257,0,"Primary root","-8"
"null","null","b7b8be5e-909a-4891-9966-13836c55be5f","root_1","Number",16.4765,0.184367,4.82386,15.5956,32.1056,0,"Primary root","-9"
"null","null","b7b8be5e-909a-4891-9966-13836c55be5f","root_1","Number",16.0488,0.18626,4.84515,15.5448,31.6823,0,"Primary root","-10"
"null","null","b7b8be5e-909a-4891-9966-13836c55be5f","root_1","Number",16.3235,0.18626,4.84515,15.5787,31.9532,0,"Primary root","-9"
"null","null","b7b8be5e-909a-4891-9966-13836c55be5f","root_1","Length",24.3871,0,0,15.6107,39.9343,0,"Primary root","null"
"TRmock_PL5_DAT18.xml","TRmock_PL5_DAT18.xml","6f6e6f05-2d13-46b2-9112-baea09b66aa1","root_0","Origin",0,0,0,13.9846,8.80228,0,"Primary root","null"
"null","null","6f6e6f05-2d13-46b2-9112-baea09b66aa1","root_0","Number",17.5709,0.130604,4.65902,9.99067,24.7904,0,"Primary root","1"
"null","null","6f6e6f05-2d13-46b2-9112-baea09b66aa1","root_0","Number",17.1597,0.139997,4.65902,10.0076,24.384,0,"Primary root","0"
"null","null","6f6e6f05-2d13-46b2-9112-baea09b66aa1","root_0","Number",16.8636,0.144622,4.65226,10.0245,24.0792,0,"Primary root","-1"
"null","null","6f6e6f05-2d13-46b2-9112-baea09b66aa1","root_0","Number",16.5842,0.143028,4.70905,10.0415,23.8083,0,"Primary root","-2"
"null","null","6f6e6f05-2d13-46b2-9112-baea09b66aa1","root_0","Number",16.1576,0.121273,4.66358,10.0415,23.3849,0,"Primary root","-3"
"null","null","6f6e6f05-2d13-46b2-9112-baea09b66aa1","root_0","Number",15.8893,0.118528,4.73426,10.0415,23.114,0,"Primary root","-4"
"null","null","6f6e6f05-2d13-46b2-9112-baea09b66aa1","root_0","Number",15.661,0.118528,5.05233,9.97373,22.8939,0,"Primary root","-5"
"null","null","6f6e6f05-2d13-46b2-9112-baea09b66aa1","root_0","Number",15.1261,0.118528,4.49628,10.0076,22.3689,0,"Primary root","-6"
"null","null","6f6e6f05-2d13-46b2-9112-baea09b66aa1","root_0","Number",14.892,0.128685,4.61903,10.0584,22.1319,0,"Primary root","-7"
"null","null","6f6e6f05-2d13-46b2-9112-baea09b66aa1","root_0","Number",14.833,0.136974,4.61903,10.0584,22.0811,0,"Primary root","-8"
"null","null","6f6e6f05-2d13-46b2-9112-baea09b66aa1","root_0","Number",14.7225,0.152413,4.70026,10.0753,21.9625,0,"Primary root","-9"
"null","null","6f6e6f05-2d13-46b2-9112-baea09b66aa1","root_0","Number",14.1391,0.152413,4.71353,10.0753,21.3868,0,"Primary root","-10"
"null","null","6f6e6f05-2d13-46b2-9112-baea09b66aa1","root_0","Number",13.4156,0.152413,4.53242,10.1261,20.6587,0,"Primary root","-11"
"null","null","6f6e6f05-2d13-46b2-9112-baea09b66aa1","root_0","Number",13.1051,0.163003,4.53241,10.1769,20.3539,0,"Primary root","-12"
"null","null","6f6e6f05-2d13-46b2-9112-baea09b66aa1","root_0","Number",12.5537,0.182647,4.753,10.1939,19.812,0,"Primary root","-13"
"null","null","6f6e6f05-2d13-46b2-9112-baea09b66aa1","root_0","Number",12.2496,0.181661,4.65313,10.1939,19.5072,0,"Primary root","-14"
"null","null","6f6e6f05-2d13-46b2-9112-baea09b66aa1","root_0","Number",11.893,0.17781,4.66964,10.2277,19.1516,0,"Primary root","-15"
"null","null","6f6e6f05-2d13-46b2-9112-baea09b66aa1","root_0","Length",22.8444,0,0,9.90038,29.9768,0,"Primary root","null"
"TRmock_PL6_DAT18.xml","TRmock_PL6_DAT18.xml","c8d14f8a-af9d-46a6-9fe0-18c8cc6fb99f","root_5","Origin",0,0,0,18.3021,15.8686,0,"Primary root","null"
"null","null","c8d14f8a-af9d-46a6-9fe0-18c8cc6fb99f","root_5","Length",6.49486,0,0,18.9301,22.1018,0,"Primary root","null"
"TRmock_PL6_DAT18.xml","TRmock_PL6_DAT18.xml","b1c67a1e-5893-46ca-be8d-502b4d0f4ad8","root_4","Origin",0,0,0,16.4253,31.2508,0,"Primary root","null"
"null","null","b1c67a1e-5893-46ca-be8d-502b4d0f4ad8","root_4","Length",6.94092,0,0,16.454,38.1712,0,"Primary root","null"
"TRmock_PL6_DAT18.xml","TRmock_PL6_DAT18.xml","803d3119-66ef-4c2f-adc3-0b4156c003b0","root_3","Origin",0,0,0,14.0125,29.5286,0,"Primary root","null"
"null","null","803d3119-66ef-4c2f-adc3-0b4156c003b0","root_3","Number",9.26548,0.126838,4.89498,12.5476,38.5911,0,"Primary root","1"
"null","null","803d3119-66ef-4c2f-adc3-0b4156c003b0","root_3","Number",8.60813,0.143571,4.75833,12.4968,37.9307,0,"Primary root","0"
"null","null","803d3119-66ef-4c2f-adc3-0b4156c003b0","root_3","Number",7.8881,0.152727,4.57882,12.5307,37.2195,0,"Primary root","-1"
"null","null","803d3119-66ef-4c2f-adc3-0b4156c003b0","root_3","Number",7.2971,0.150214,4.40525,12.6661,36.6437,0,"Primary root","-2"
"null","null","803d3119-66ef-4c2f-adc3-0b4156c003b0","root_3","Number",7.12111,0.14625,4.40525,12.7169,36.4744,0,"Primary root","-3"
"null","null","803d3119-66ef-4c2f-adc3-0b4156c003b0","root_3","Number",6.72992,0.145716,4.45827,12.8185,36.1019,0,"Primary root","-4"
"null","null","803d3119-66ef-4c2f-adc3-0b4156c003b0","root_3","Number",6.47663,0.151648,4.45827,12.8693,35.8479,0,"Primary root","-5"
"null","null","803d3119-66ef-4c2f-adc3-0b4156c003b0","root_3","Length",15.8742,0,0,12.301,45.172,0,"Primary root","null"
"TRmock_PL6_DAT18.xml","TRmock_PL6_DAT18.xml","33f138b6-fdea-4686-bfac-efabd6257a10","root_2","Origin",0,0,0,12.5733,30.3346,0,"Primary root","null"
"null","null","33f138b6-fdea-4686-bfac-efabd6257a10","root_2","Number",14.0882,0.119733,4.94841,11.2945,44.2129,0,"Primary root","1"
"null","null","33f138b6-fdea-4686-bfac-efabd6257a10","root_2","Number",13.8538,0.108404,5.00687,11.2437,43.9928,0,"Primary root","0"
"null","null","33f138b6-fdea-4686-bfac-efabd6257a10","root_2","Number",13.6416,0.115527,4.72455,11.1929,43.7896,0,"Primary root","-1"
"null","null","33f138b6-fdea-4686-bfac-efabd6257a10","root_2","Number",13.337,0.160201,4.68367,11.1929,43.4848,0,"Primary root","-2"
"null","null","33f138b6-fdea-4686-bfac-efabd6257a10","root_2","Number",13.0457,0.156469,4.67166,11.2099,43.1969,0,"Primary root","-3"
"null","null","33f138b6-fdea-4686-bfac-efabd6257a10","root_2","Number",12.1885,0.161014,4.77443,11.2268,42.3333,0,"Primary root","-4"
"null","null","33f138b6-fdea-4686-bfac-efabd6257a10","root_2","Number",11.522,0.165358,4.84073,11.1591,41.6729,0,"Primary root","-5"
"null","null","33f138b6-fdea-4686-bfac-efabd6257a10","root_2","Number",10.888,0.143928,4.77863,11.0913,41.0464,0,"Primary root","-6"
"null","null","33f138b6-fdea-4686-bfac-efabd6257a10","root_2","Number",10.4499,0.205461,4.49118,11.0913,40.6061,0,"Primary root","-7"
"null","null","33f138b6-fdea-4686-bfac-efabd6257a10","root_2","Number",10.2203,0.181593,4.49118,11.1421,40.386,0,"Primary root","-8"
"null","null","33f138b6-fdea-4686-bfac-efabd6257a10","root_2","Number",9.82222,0.164918,4.65512,11.1929,39.9965,0,"Primary root","-9"
"null","null","33f138b6-fdea-4686-bfac-efabd6257a10","root_2","Number",9.33991,0.168436,4.66811,11.2437,39.5055,0,"Primary root","-10"
"null","null","33f138b6-fdea-4686-bfac-efabd6257a10","root_2","Number",8.77763,0.160855,4.59048,11.2776,38.9467,0,"Primary root","-11"
"null","null","33f138b6-fdea-4686-bfac-efabd6257a10","root_2","Number",8.2772,0.1454,4.58991,11.3284,38.4556,0,"Primary root","-12"
"null","null","33f138b6-fdea-4686-bfac-efabd6257a10","root_2","Number",8.05532,0.135469,4.44884,11.3623,38.2355,0,"Primary root","-13"
"null","null","33f138b6-fdea-4686-bfac-efabd6257a10","root_2","Number",7.80482,0.135469,4.39135,11.43,37.9984,0,"Primary root","-14"
"null","null","33f138b6-fdea-4686-bfac-efabd6257a10","root_2","Number",7.08187,0.135469,4.7445,11.5316,37.2872,0,"Primary root","-15"
"null","null","33f138b6-fdea-4686-bfac-efabd6257a10","root_2","Number",6.75557,0.135469,4.70655,11.5655,36.9655,0,"Primary root","-16"
"null","null","33f138b6-fdea-4686-bfac-efabd6257a10","root_2","Number",6.46708,0.135469,4.84117,11.5655,36.6776,0,"Primary root","-17"
"null","null","33f138b6-fdea-4686-bfac-efabd6257a10","root_2","Number",5.97084,0.148674,4.3487,11.5485,36.1865,0,"Primary root","-18"
"null","null","33f138b6-fdea-4686-bfac-efabd6257a10","root_2","Length",19.8272,0,0,11.2834,49.8688,0,"Primary root","null"
"TRmock_PL6_DAT18.xml","TRmock_PL6_DAT18.xml","0bfb1a5e-7b2f-44a1-8ee3-bf2f74c989fc","root_1","Origin",0,0,0,10.5409,23.4058,0,"Primary root","null"
"null","null","0bfb1a5e-7b2f-44a1-8ee3-bf2f74c989fc","root_1","Length",4.84095,0,0,10.478,28.1894,0,"Primary root","null"
"TRmock_PL6_DAT18.xml","TRmock_PL6_DAT18.xml","12f6c7e1-51aa-4e5d-a2f8-be9ee5a18864","root_0","Origin",0,0,0,8.67068,22.6616,0,"Primary root","null"
"null","null","12f6c7e1-51aa-4e5d-a2f8-be9ee5a18864","root_0","Length",5.19757,0,0,8.4914,27.8113,0,"Primary root","null"
"TRmock_PL8_DAT18.xml","TRmock_PL8_DAT18.xml","74453f15-647b-40ac-b0f9-66425e236fcb","root_2","Origin",0,0,0,13.8756,24.0941,0,"Primary root","null"
"null","null","74453f15-647b-40ac-b0f9-66425e236fcb","root_2","Length",7.2521,0,0,14.0122,31.2895,0,"Primary root","null"
"TRmock_PL8_DAT18.xml","TRmock_PL8_DAT18.xml","0e444ab1-aadc-4205-a61f-e29c658a8754","root_1","Origin",0,0,0,16.2052,29.4898,0,"Primary root","null"
"null","null","0e444ab1-aadc-4205-a61f-e29c658a8754","root_1","Length",8.72013,0,0,16.2251,38.1413,0,"Primary root","null"
"TRmock_PL8_DAT18.xml","TRmock_PL8_DAT18.xml","c84a97f2-6d16-4879-ac5c-6c47636488b9","root_0","Origin",0,0,0,10.9347,38.6667,0,"Primary root","null"
"null","null","c84a97f2-6d16-4879-ac5c-6c47636488b9","root_0","Length",6.50123,0,0,10.9199,45.0154,0,"Primary root","null"
"TRmock_PL9_DAT18.xml","TRmock_PL9_DAT18.xml","63a5bdd3-99fe-49de-a6fa-bdd8971394fb","root_1","Origin",0,0,0,22.7629,18.6003,0,"Primary root","null"
"null","null","63a5bdd3-99fe-49de-a6fa-bdd8971394fb","root_1","Length",6.39586,0,0,22.4713,24.938,0,"Primary root","null"
"TRmock_PL9_DAT18.xml","TRmock_PL9_DAT18.xml","5cc63ccb-cac0-45a8-abe6-7526c28d78c2","root_0","Origin",0,0,0,12.5822,34.1192,0,"Primary root","null"
"null","null","5cc63ccb-cac0-45a8-abe6-7526c28d78c2","root_0","Number",8.69405,0.132809,4.64456,12.4121,42.7905,0,"Primary root","1"
"null","null","5cc63ccb-cac0-45a8-abe6-7526c28d78c2","root_0","Number",8.37076,0.139308,4.64456,12.4291,42.4688,0,"Primary root","0"
"null","null","5cc63ccb-cac0-45a8-abe6-7526c28d78c2","root_0","Number",7.91646,0.146602,4.74447,12.446,42.0116,0,"Primary root","-1"
"null","null","5cc63ccb-cac0-45a8-abe6-7526c28d78c2","root_0","Number",7.80625,0.142212,4.69578,12.446,41.91,0,"Primary root","-2"
"null","null","5cc63ccb-cac0-45a8-abe6-7526c28d78c2","root_0","Number",7.51955,0.134916,4.69578,12.446,41.6221,0,"Primary root","-3"
"null","null","5cc63ccb-cac0-45a8-abe6-7526c28d78c2","root_0","Number",7.31953,0.145645,4.72343,12.446,41.4189,0,"Primary root","-4"
"null","null","5cc63ccb-cac0-45a8-abe6-7526c28d78c2","root_0","Number",7.06499,0.160771,4.72343,12.446,41.1649,0,"Primary root","-5"
"null","null","5cc63ccb-cac0-45a8-abe6-7526c28d78c2","root_0","Number",6.96941,0.160869,4.74907,12.446,41.0633,0,"Primary root","-6"
"null","null","5cc63ccb-cac0-45a8-abe6-7526c28d78c2","root_0","Number",6.85096,0.160873,4.74907,12.4291,40.9448,0,"Primary root","-7"
"null","null","5cc63ccb-cac0-45a8-abe6-7526c28d78c2","root_0","Number",6.47052,0.163531,4.70862,12.4291,40.5723,0,"Primary root","-8"
"null","null","5cc63ccb-cac0-45a8-abe6-7526c28d78c2","root_0","Number",6.31809,0.160692,4.63003,12.446,40.4199,0,"Primary root","-9"
"null","null","5cc63ccb-cac0-45a8-abe6-7526c28d78c2","root_0","Number",5.95399,0.15397,4.64309,12.4629,40.0643,0,"Primary root","-10"
"null","null","5cc63ccb-cac0-45a8-abe6-7526c28d78c2","root_0","Number",5.68547,0.149972,4.63295,12.4968,39.7933,0,"Primary root","-11"
"null","null","5cc63ccb-cac0-45a8-abe6-7526c28d78c2","root_0","Number",5.52414,0.147164,4.63295,12.4968,39.624,0,"Primary root","-12"
"null","null","5cc63ccb-cac0-45a8-abe6-7526c28d78c2","root_0","Number",5.37789,0.149106,4.67414,12.5137,39.4885,0,"Primary root","-13"
"null","null","5cc63ccb-cac0-45a8-abe6-7526c28d78c2","root_0","Number",5.05251,0.148041,4.67414,12.5307,39.1499,0,"Primary root","-14"
"null","null","5cc63ccb-cac0-45a8-abe6-7526c28d78c2","root_0","Number",4.84201,0.145814,4.71583,12.5307,38.9467,0,"Primary root","-15"
"null","null","5cc63ccb-cac0-45a8-abe6-7526c28d78c2","root_0","Number",4.38461,0.152406,4.72911,12.5307,38.4895,0,"Primary root","-16"
"null","null","5cc63ccb-cac0-45a8-abe6-7526c28d78c2","root_0","Number",4.01341,0.152407,4.74256,12.5137,38.1169,0,"Primary root","-17"
"null","null","5cc63ccb-cac0-45a8-abe6-7526c28d78c2","root_0","Number",3.57194,0.147809,4.7323,12.5137,37.6767,0,"Primary root","-18"
"null","null","5cc63ccb-cac0-45a8-abe6-7526c28d78c2","root_0","Number",3.00942,0.152798,4.68694,12.5137,37.1179,0,"Primary root","-19"
"null","null","5cc63ccb-cac0-45a8-abe6-7526c28d78c2","root_0","Number",2.70644,0.15363,4.68694,12.5137,36.8131,0,"Primary root","-20"
"null","null","5cc63ccb-cac0-45a8-abe6-7526c28d78c2","root_0","Number",2.16991,0.159182,4.6742,12.5307,36.2712,0,"Primary root","-21"
"null","null","5cc63ccb-cac0-45a8-abe6-7526c28d78c2","root_0","Number",2.12184,0.15791,4.6742,12.5307,36.2204,0,"Primary root","-22"
"null","null","5cc63ccb-cac0-45a8-abe6-7526c28d78c2","root_0","Number",1.56894,0.152702,4.68847,12.5645,35.6785,0,"Primary root","-23"
"null","null","5cc63ccb-cac0-45a8-abe6-7526c28d78c2","root_0","Number",1.13318,0.150839,4.67275,12.5645,35.2383,0,"Primary root","-24"
"null","null","5cc63ccb-cac0-45a8-abe6-7526c28d78c2","root_0","Length",18.0012,0,0,12.6361,52.0765,0,"Primary root","null"
